{"test_acc": 0.9046, "val_scores": [0.8446666666666667, 0.8584166666666667, 0.8625833333333334, 0.86675, 0.8700833333333333, 0.8731666666666666, 0.87325, 0.87625, 0.87725, 0.8790833333333333, 0.8805833333333334, 0.8811666666666667, 0.8833333333333333, 0.8835, 0.8844166666666666, 0.8848333333333334, 0.8851666666666667, 0.8858333333333334, 0.8856666666666667, 0.8869166666666667, 0.8875, 0.8876666666666667, 0.888, 0.8889166666666667, 0.8889166666666667, 0.8894166666666666, 0.88925, 0.88925, 0.8896666666666667, 0.8899166666666667, 0.8899166666666667, 0.8914166666666666, 0.8908333333333334, 0.891, 0.8910833333333333, 0.8921666666666667, 0.8920833333333333, 0.8924166666666666, 0.8924166666666666, 0.8925, 0.8925, 0.8925833333333333, 0.8928333333333334, 0.8928333333333334, 0.8930833333333333, 0.89325, 0.8930833333333333, 0.8933333333333333, 0.89375, 0.8936666666666667, 0.894, 0.8939166666666667, 0.8935833333333333, 0.8944166666666666, 0.8944166666666666, 0.8945, 0.8950833333333333, 0.8953333333333333, 0.8954166666666666, 0.895, 0.8958333333333334, 0.8958333333333334, 0.8961666666666667, 0.8958333333333334, 0.8966666666666666, 0.89575, 0.896, 0.8965833333333333, 0.89675, 0.8966666666666666, 0.89675, 0.8969166666666667, 0.8966666666666666, 0.897, 0.89675, 0.897, 0.8975, 0.8976666666666666, 0.8979166666666667, 0.8975833333333333, 0.8983333333333333, 0.8981666666666667, 0.8983333333333333, 0.8983333333333333, 0.8983333333333333, 0.89825, 0.8985, 0.8986666666666666, 0.8984166666666666, 0.8989166666666667, 0.8988333333333334, 0.8986666666666666, 0.8985, 0.89875, 0.8985833333333333, 0.8988333333333334, 0.8985833333333333, 0.89875, 0.8990833333333333, 0.8989166666666667], "train_losses": 1.5652715433835984, "train_scores": [0.8069791666666667, 0.8534583333333333, 0.863625, 0.870125, 0.873125, 0.87625, 0.8792291666666666, 0.8805, 0.8822083333333334, 0.8839791666666666, 0.8853125, 0.8864791666666667, 0.887, 0.8886458333333334, 0.8888125, 0.8901041666666667, 0.8904375, 0.8911875, 0.8916458333333334, 0.8921666666666667, 0.892625, 0.893, 0.8931666666666667, 0.8938333333333334, 0.8942708333333333, 0.8944791666666667, 0.8945833333333333, 0.89525, 0.8951875, 0.8956458333333334, 0.8964375, 0.8960208333333334, 0.8970208333333334, 0.896875, 0.8976041666666666, 0.897375, 0.8979375, 0.898125, 0.8985208333333333, 0.8984583333333334, 0.8989166666666667, 0.899125, 0.8992291666666666, 0.8992916666666667, 0.8992708333333334, 0.8998125, 0.9001875, 0.9000208333333334, 0.9002916666666667, 0.9000833333333333, 0.9007916666666667, 0.9010208333333334, 0.9010208333333334, 0.9011875, 0.9013541666666667, 0.9015416666666667, 0.901625, 0.9017291666666667, 0.9017708333333333, 0.9020208333333334, 0.9022708333333334, 0.9023125, 0.9022291666666666, 0.9024166666666666, 0.9026041666666667, 0.9028125, 0.9028333333333334, 0.9029791666666667, 0.9033333333333333, 0.9034375, 0.9036041666666667, 0.903375, 0.9036458333333334, 0.9038125, 0.9039166666666667, 0.9037708333333333, 0.9040625, 0.9042083333333333, 0.904, 0.9042291666666666, 0.9045, 0.9045, 0.9047291666666667, 0.9047916666666667, 0.904625, 0.9049375, 0.9050208333333334, 0.905125, 0.9055208333333333, 0.9051041666666667, 0.9054375, 0.9052708333333334, 0.9057916666666667, 0.9057291666666667, 0.9057083333333333, 0.9058541666666666, 0.9062708333333334, 0.9060208333333334, 0.9062083333333333, 0.9064791666666666]}