{"test_acc": 0.8803, "val_scores": [0.854, 0.8670833333333333], "train_losses": 1.659715575993061, "train_scores": [0.8244791666666667, 0.8659375]}