{"test_acc": 0.9073, "val_scores": [0.8445833333333334, 0.85675, 0.8623333333333333, 0.8665833333333334, 0.8690833333333333, 0.8720833333333333, 0.87425, 0.8759166666666667, 0.8766666666666667, 0.8783333333333333, 0.8800833333333333, 0.882, 0.8819166666666667, 0.8838333333333334, 0.885, 0.8858333333333334, 0.88625, 0.887, 0.88675, 0.887, 0.88825, 0.888, 0.8881666666666667, 0.8893333333333333, 0.8888333333333334, 0.8889166666666667, 0.8893333333333333, 0.8895, 0.8895, 0.8899166666666667, 0.8904166666666666, 0.8905833333333333, 0.8904166666666666, 0.891, 0.89125, 0.8915, 0.8925833333333333, 0.8919166666666667, 0.8924166666666666, 0.89175, 0.8930833333333333, 0.8928333333333334, 0.8931666666666667, 0.8925833333333333, 0.893, 0.8930833333333333, 0.8936666666666667, 0.8935, 0.89375, 0.8936666666666667, 0.894, 0.894, 0.8945833333333333, 0.8944166666666666, 0.8945, 0.8954166666666666, 0.89475, 0.895, 0.8953333333333333, 0.8953333333333333, 0.8960833333333333, 0.8955, 0.8956666666666667, 0.8964166666666666, 0.8961666666666667, 0.8963333333333333, 0.8970833333333333, 0.8965833333333333, 0.8969166666666667, 0.897, 0.8965833333333333, 0.897, 0.8974166666666666, 0.89725, 0.8974166666666666, 0.8974166666666666, 0.89775, 0.8980833333333333, 0.8975, 0.8978333333333334, 0.89775, 0.898, 0.8975833333333333, 0.8984166666666666, 0.8981666666666667, 0.8983333333333333, 0.8981666666666667, 0.8989166666666667, 0.8985833333333333, 0.8985833333333333, 0.8988333333333334, 0.8985833333333333, 0.8990833333333333, 0.89925, 0.8983333333333333, 0.89875, 0.8988333333333334, 0.8990833333333333, 0.8990833333333333, 0.89925], "train_losses": 1.5652896659970283, "train_scores": [0.801, 0.8526041666666667, 0.8631666666666666, 0.8699583333333333, 0.873625, 0.875875, 0.8782916666666667, 0.8806666666666667, 0.8829166666666667, 0.8839583333333333, 0.8854166666666666, 0.8863125, 0.887625, 0.8877708333333333, 0.8891666666666667, 0.8895625, 0.890125, 0.8912083333333334, 0.8915208333333333, 0.8919583333333333, 0.8923541666666667, 0.8929583333333333, 0.8933541666666667, 0.8935833333333333, 0.8944791666666667, 0.8944583333333334, 0.8947083333333333, 0.895125, 0.8954166666666666, 0.89575, 0.8960833333333333, 0.8962291666666666, 0.8969791666666667, 0.8969583333333333, 0.8972291666666666, 0.89725, 0.89775, 0.8980208333333334, 0.898125, 0.8985208333333333, 0.8986041666666666, 0.8991041666666667, 0.8990833333333333, 0.8993333333333333, 0.8991458333333333, 0.8998333333333334, 0.8998125, 0.9002291666666666, 0.9000625, 0.9002083333333334, 0.9005416666666667, 0.9005833333333333, 0.9009166666666667, 0.9011666666666667, 0.9015, 0.9013541666666667, 0.9017708333333333, 0.9018125, 0.9020416666666666, 0.902125, 0.9022083333333333, 0.9021041666666667, 0.9025416666666667, 0.9027083333333333, 0.9028958333333333, 0.9029791666666667, 0.9028333333333334, 0.9033333333333333, 0.9034583333333334, 0.90375, 0.903625, 0.9036875, 0.9038333333333334, 0.9037083333333333, 0.9039375, 0.9039583333333333, 0.9039375, 0.9041458333333333, 0.9041875, 0.9044166666666666, 0.9040833333333333, 0.904375, 0.90475, 0.9049791666666667, 0.9047708333333333, 0.9052916666666667, 0.9049375, 0.9051875, 0.9053125, 0.9056458333333334, 0.905375, 0.9057291666666667, 0.9056875, 0.9057291666666667, 0.905875, 0.9059583333333333, 0.9061041666666667, 0.9062291666666666, 0.9065, 0.906375]}