{"test_acc": 0.9112, "val_scores": [0.85325, 0.8664166666666666, 0.871, 0.8759166666666667, 0.8783333333333333, 0.8809166666666667, 0.8833333333333333, 0.885, 0.8864166666666666, 0.88725, 0.8885833333333333, 0.8880833333333333, 0.8888333333333334, 0.8891666666666667, 0.8900833333333333, 0.891, 0.8918333333333334, 0.89175, 0.8929166666666667, 0.89225, 0.8928333333333334, 0.8930833333333333, 0.89375, 0.8935, 0.8935833333333333, 0.8945833333333333, 0.8944166666666666, 0.8945833333333333, 0.8946666666666667, 0.8953333333333333, 0.8955, 0.896, 0.89675, 0.8964166666666666, 0.896, 0.8970833333333333, 0.8969166666666667, 0.8964166666666666, 0.897, 0.8973333333333333, 0.8979166666666667, 0.8979166666666667, 0.8983333333333333, 0.8985, 0.89825, 0.899, 0.8988333333333334, 0.8986666666666666, 0.8985, 0.8993333333333333, 0.8999166666666667, 0.8994166666666666, 0.9001666666666667, 0.8994166666666666, 0.8998333333333334, 0.8999166666666667, 0.89975, 0.9004166666666666, 0.9004166666666666, 0.90025, 0.9006666666666666, 0.9003333333333333, 0.9006666666666666, 0.90125, 0.90075, 0.9005833333333333, 0.9013333333333333, 0.90125, 0.9015833333333333, 0.9013333333333333, 0.9015, 0.901, 0.9011666666666667, 0.9018333333333334, 0.9014166666666666, 0.90225, 0.9015, 0.9019166666666667, 0.9016666666666666, 0.9025833333333333, 0.9021666666666667, 0.9020833333333333, 0.9024166666666666, 0.9024166666666666, 0.9023333333333333, 0.9025833333333333, 0.9024166666666666, 0.9025833333333333, 0.9029166666666667, 0.903, 0.90275, 0.9028333333333334, 0.9029166666666667, 0.90275, 0.9028333333333334, 0.90325, 0.903, 0.9026666666666666, 0.90325, 0.903], "train_losses": 1.5567798191606999, "train_scores": [0.8260208333333333, 0.8658958333333333, 0.8749791666666666, 0.87925, 0.8834791666666667, 0.8855625, 0.88775, 0.8888958333333333, 0.890625, 0.8916666666666667, 0.8924166666666666, 0.8934166666666666, 0.8943958333333333, 0.89525, 0.8954583333333334, 0.896, 0.8965833333333333, 0.8970625, 0.8977916666666667, 0.8985625, 0.8986875, 0.8992291666666666, 0.8995, 0.8997916666666667, 0.9002916666666667, 0.9002291666666666, 0.9010208333333334, 0.9010625, 0.9018333333333334, 0.9019791666666667, 0.9021875, 0.902375, 0.9029375, 0.9030208333333334, 0.9033333333333333, 0.9036041666666667, 0.90375, 0.9043333333333333, 0.9040416666666666, 0.9044583333333334, 0.9044583333333334, 0.9047291666666667, 0.9048958333333333, 0.90525, 0.9057916666666667, 0.9054791666666666, 0.9058333333333334, 0.9055625, 0.9060208333333334, 0.9064583333333334, 0.9065416666666667, 0.9063125, 0.9069375, 0.9069375, 0.9071458333333333, 0.9071666666666667, 0.9074791666666666, 0.9073333333333333, 0.9072916666666667, 0.9077291666666667, 0.9077083333333333, 0.9082916666666667, 0.9081041666666667, 0.9078125, 0.90825, 0.908625, 0.908125, 0.9085416666666667, 0.9088125, 0.9089166666666667, 0.9088958333333333, 0.90875, 0.9090208333333333, 0.9089583333333333, 0.9091041666666667, 0.9092916666666667, 0.9094166666666667, 0.9093958333333333, 0.909625, 0.9095208333333333, 0.9096041666666667, 0.9097291666666667, 0.9096875, 0.9098541666666666, 0.9099375, 0.9099791666666667, 0.9095416666666667, 0.9098541666666666, 0.9102083333333333, 0.9099166666666667, 0.9098958333333333, 0.9103333333333333, 0.9103125, 0.9104583333333334, 0.9104166666666667, 0.9107291666666667, 0.9106666666666666, 0.9105416666666667, 0.9105416666666667, 0.9107083333333333]}