{"test_acc": 0.9354, "val_scores": [0.6340833333333333, 0.7609166666666667, 0.7984166666666667, 0.81375, 0.8290833333333333, 0.8396666666666667, 0.8510833333333333, 0.857, 0.8635, 0.8678333333333333, 0.8698333333333333, 0.8724166666666666, 0.8744166666666666, 0.87625, 0.8765, 0.8779166666666667, 0.8793333333333333, 0.8816666666666667, 0.88175, 0.8855833333333333, 0.88625, 0.8898333333333334, 0.8925833333333333, 0.89575, 0.89675, 0.8996666666666666, 0.901, 0.9024166666666666, 0.9036666666666666, 0.9048333333333334, 0.9064166666666666, 0.907, 0.9073333333333333, 0.9073333333333333, 0.9091666666666667, 0.91025, 0.9104166666666667, 0.9109166666666667, 0.9113333333333333, 0.9113333333333333, 0.9120833333333334, 0.9126666666666666, 0.9128333333333334, 0.9131666666666667, 0.9136666666666666, 0.9144166666666667, 0.91475, 0.91525, 0.9153333333333333, 0.9155833333333333, 0.916, 0.91625, 0.9165, 0.9170833333333334, 0.9173333333333333, 0.9180833333333334, 0.9185833333333333, 0.9190833333333334, 0.9191666666666667, 0.91975, 0.9195, 0.9205, 0.9206666666666666, 0.9215, 0.9214166666666667, 0.9218333333333333, 0.9220833333333334, 0.9224166666666667, 0.9228333333333333, 0.9231666666666667, 0.9233333333333333, 0.924, 0.9241666666666667, 0.9245833333333333, 0.9245833333333333, 0.92525, 0.92575, 0.9255833333333333, 0.9258333333333333, 0.9259166666666667, 0.92625, 0.9266666666666666, 0.9265, 0.9268333333333333, 0.927, 0.927, 0.9268333333333333, 0.9274166666666667, 0.9273333333333333, 0.9285, 0.9279166666666666, 0.928, 0.9279166666666666, 0.92825, 0.9284166666666667, 0.9289166666666666, 0.9286666666666666, 0.92925, 0.9294166666666667, 0.9295], "train_losses": 1.5253173129757245, "train_scores": [0.34460416666666666, 0.7152708333333333, 0.7879791666666667, 0.8100833333333334, 0.8240416666666667, 0.8369791666666667, 0.8474375, 0.8567083333333333, 0.8625416666666667, 0.8683541666666666, 0.8730833333333333, 0.8759375, 0.8779791666666666, 0.8795833333333334, 0.8806666666666667, 0.8818125, 0.8835208333333333, 0.8854791666666667, 0.8871666666666667, 0.8886041666666666, 0.8917708333333333, 0.8932708333333333, 0.8966875, 0.8991666666666667, 0.9017083333333333, 0.9037083333333333, 0.9064791666666666, 0.9080208333333334, 0.9098333333333334, 0.911375, 0.9120833333333334, 0.9136875, 0.9146458333333334, 0.9152291666666666, 0.916, 0.9166875, 0.9173125, 0.9179583333333333, 0.9188958333333334, 0.9193333333333333, 0.9199166666666667, 0.9203333333333333, 0.9208333333333333, 0.9209375, 0.9217708333333333, 0.9223958333333333, 0.9225833333333333, 0.9232083333333333, 0.9236666666666666, 0.9240416666666667, 0.9244583333333334, 0.9249583333333333, 0.9256875, 0.9258333333333333, 0.92625, 0.9268125, 0.92675, 0.9273541666666667, 0.9275416666666667, 0.9283958333333333, 0.9283125, 0.9287916666666667, 0.929625, 0.9297083333333334, 0.9299375, 0.9306041666666667, 0.9308541666666666, 0.930875, 0.9315208333333334, 0.9318333333333333, 0.9319583333333333, 0.9323958333333333, 0.9325625, 0.9329791666666667, 0.9332083333333333, 0.93325, 0.9336666666666666, 0.933875, 0.934, 0.9343958333333333, 0.9347083333333334, 0.9348958333333334, 0.9350625, 0.935125, 0.9355416666666667, 0.9357083333333334, 0.9361666666666667, 0.9361666666666667, 0.9365, 0.9368125, 0.9368541666666667, 0.9371458333333333, 0.9375, 0.9376875, 0.938, 0.9380625, 0.9385, 0.9385208333333334, 0.938625, 0.9389791666666667]}